{"cameraMode":{"drawMode":0,"name":"Shaded","section":"Shading Mode"},"sceneLighting":false,"audioPlay":false,"sceneViewState":{"showFog":false,"showMaterialUpdate":false,"showSkybox":false,"showFlares":false,"showImageEffects":false,"showParticleSystems":false},"in2DMode":false,"pivot":{"x":-0.5379999876022339,"y":0.8579999804496765,"z":0.00002499949187040329},"rotation":{"x":0.1022992730140686,"y":-0.409263551235199,"z":0.046236928552389148,"w":0.9054878950119019},"size":0.5105156302452087,"orthographic":true}