{"cameraMode":{"drawMode":0,"name":"Shaded","section":"Shading Mode"},"sceneLighting":true,"audioPlay":false,"sceneViewState":{"showFog":false,"showMaterialUpdate":false,"showSkybox":false,"showFlares":false,"showImageEffects":false,"showParticleSystems":false},"in2DMode":false,"pivot":{"x":-0.026149526238441469,"y":1.2454252243041993,"z":1.0813149213790894},"rotation":{"x":0.42311617732048037,"y":-0.19708669185638429,"z":0.09483958780765534,"w":0.87928307056427},"size":1.825984001159668,"orthographic":false}