{"cameraMode":{"drawMode":0,"name":"Shaded","section":"Shading Mode"},"sceneLighting":false,"audioPlay":false,"sceneViewState":{"showFog":false,"showMaterialUpdate":false,"showSkybox":false,"showFlares":false,"showImageEffects":false,"showParticleSystems":false},"in2DMode":false,"pivot":{"x":0.40799999237060549,"y":0.84170001745224,"z":0.781499981880188},"rotation":{"x":0.12268995493650437,"y":0.0020862959790974857,"z":-0.0002578530984465033,"w":0.992444634437561},"size":0.1667708307504654,"orthographic":true}