{"cameraMode":{"drawMode":0,"name":"Shaded","section":"Shading Mode"},"sceneLighting":true,"audioPlay":false,"sceneViewState":{"showFog":false,"showMaterialUpdate":false,"showSkybox":false,"showFlares":false,"showImageEffects":false,"showParticleSystems":false},"in2DMode":false,"pivot":{"x":-15.29056453704834,"y":-4.743440628051758,"z":16.036184310913087},"rotation":{"x":-0.14787425100803376,"y":0.3785649538040161,"z":-0.06140705570578575,"w":-0.9116204977035523},"size":16.13398551940918,"orthographic":false}