{"cameraMode":{"drawMode":0,"name":"Shaded","section":"Shading Mode"},"sceneLighting":true,"audioPlay":false,"sceneViewState":{"showFog":false,"showMaterialUpdate":false,"showSkybox":false,"showFlares":false,"showImageEffects":false,"showParticleSystems":false},"in2DMode":false,"pivot":{"x":-34.82099914550781,"y":-15.382993698120118,"z":-12.057887077331543},"rotation":{"x":-0.10691995918750763,"y":0.8136039972305298,"z":-0.1584235578775406,"w":-0.54912269115448},"size":25.685771942138673,"orthographic":false}