{"cameraMode":{"drawMode":0,"name":"Shaded","section":"Shading Mode"},"sceneLighting":true,"audioPlay":false,"sceneViewState":{"showFog":false,"showMaterialUpdate":false,"showSkybox":false,"showFlares":false,"showImageEffects":false,"showParticleSystems":false},"in2DMode":false,"pivot":{"x":3.984304666519165,"y":-0.32519420981407168,"z":14.057477951049805},"rotation":{"x":0.2747269570827484,"y":0.024515168741345407,"z":-0.0070079597644507889,"w":0.9611854553222656},"size":14.197124481201172,"orthographic":true}