{"cameraMode":{"drawMode":0,"name":"Shaded","section":"Shading Mode"},"sceneLighting":true,"audioPlay":false,"sceneViewState":{"showFog":false,"showMaterialUpdate":false,"showSkybox":false,"showFlares":false,"showImageEffects":false,"showParticleSystems":false},"in2DMode":false,"pivot":{"x":-11.364221572875977,"y":-5.9260759353637699,"z":-0.5288870334625244},"rotation":{"x":0.201234832406044,"y":-0.6688629984855652,"z":0.1955253779888153,"w":0.6884068846702576},"size":8.981119155883789,"orthographic":false}