{"cameraMode":{"drawMode":0,"name":"Shaded","section":"Shading Mode"},"sceneLighting":true,"audioPlay":false,"sceneViewState":{"showFog":false,"showMaterialUpdate":false,"showSkybox":false,"showFlares":false,"showImageEffects":false,"showParticleSystems":false},"in2DMode":false,"pivot":{"x":0.07305651903152466,"y":0.6789319515228272,"z":0.32285594940185549},"rotation":{"x":0.2946164906024933,"y":-0.28111663460731509,"z":0.09113569557666779,"w":0.9087744951248169},"size":5.472400188446045,"orthographic":true}