{"cameraMode":{"drawMode":0,"name":"Shaded","section":"Shading Mode"},"sceneLighting":false,"audioPlay":false,"sceneViewState":{"showFog":false,"showMaterialUpdate":false,"showSkybox":false,"showFlares":false,"showImageEffects":false,"showParticleSystems":false},"in2DMode":false,"pivot":{"x":0.16312919557094575,"y":0.9869557619094849,"z":0.42331093549728396},"rotation":{"x":-0.016412124037742616,"y":-0.10270258784294129,"z":-0.0016947685508057476,"w":0.9945758581161499},"size":0.386602520942688,"orthographic":false}