{"cameraMode":{"drawMode":0,"name":"Shaded","section":"Shading Mode"},"sceneLighting":false,"audioPlay":false,"sceneViewState":{"showFog":false,"showMaterialUpdate":false,"showSkybox":false,"showFlares":false,"showImageEffects":false,"showParticleSystems":false},"in2DMode":false,"pivot":{"x":0.4150390625,"y":0.8587188720703125,"z":0.748046875},"rotation":{"x":0.14845293760299684,"y":-0.11335834860801697,"z":0.017132528126239778,"w":0.982252836227417},"size":0.2955506145954132,"orthographic":true}