{"cameraMode":{"drawMode":0,"name":"Shaded","section":"Shading Mode"},"sceneLighting":true,"audioPlay":false,"sceneViewState":{"showFog":false,"showMaterialUpdate":false,"showSkybox":false,"showFlares":false,"showImageEffects":false,"showParticleSystems":false},"in2DMode":false,"pivot":{"x":-1.949844241142273,"y":0.49720048904418948,"z":-4.7011332511901859},"rotation":{"x":0.22960172593593598,"y":-0.44099849462509158,"z":0.11778248101472855,"w":0.859625518321991},"size":1.7660253047943116,"orthographic":false}