{"cameraMode":{"drawMode":0,"name":"Shaded","section":"Shading Mode"},"sceneLighting":false,"audioPlay":false,"sceneViewState":{"showFog":false,"showMaterialUpdate":false,"showSkybox":false,"showFlares":false,"showImageEffects":false,"showParticleSystems":false},"in2DMode":false,"pivot":{"x":0.4150390625,"y":0.8587188720703125,"z":0.748046875},"rotation":{"x":0.11797606199979782,"y":-0.3096804916858673,"z":0.03875572606921196,"w":0.9426982402801514},"size":0.1667708307504654,"orthographic":true}