{"cameraMode":{"drawMode":0,"name":"Shaded","section":"Shading Mode"},"sceneLighting":true,"audioPlay":false,"sceneViewState":{"showFog":false,"showMaterialUpdate":false,"showSkybox":false,"showFlares":false,"showImageEffects":false,"showParticleSystems":false},"in2DMode":false,"pivot":{"x":1.062951683998108,"y":1.6235746145248414,"z":-3.8475184440612795},"rotation":{"x":0.07102937996387482,"y":-0.09263000637292862,"z":0.006626501213759184,"w":0.9931529760360718},"size":0.3097594380378723,"orthographic":false}