{"cameraMode":{"drawMode":0,"name":"Shaded","section":"Shading Mode"},"sceneLighting":true,"audioPlay":false,"sceneViewState":{"showFog":false,"showMaterialUpdate":false,"showSkybox":false,"showFlares":false,"showImageEffects":false,"showParticleSystems":false},"in2DMode":false,"pivot":{"x":0.40799999237060549,"y":1.1319999694824219,"z":-0.15700000524520875},"rotation":{"x":0.10266607254743576,"y":-0.03132748231291771,"z":0.0032392023131251337,"w":0.994224488735199},"size":0.49189358949661257,"orthographic":true}