{"cameraMode":{"drawMode":0,"name":"Shaded","section":"Shading Mode"},"sceneLighting":true,"audioPlay":false,"sceneViewState":{"showFog":false,"showMaterialUpdate":false,"showSkybox":false,"showFlares":false,"showImageEffects":false,"showParticleSystems":false},"in2DMode":false,"pivot":{"x":-1.4034793376922608,"y":0.34617796540260317,"z":-3.8299782276153566},"rotation":{"x":0.26317766308784487,"y":-0.15688015520572663,"z":0.04341312125325203,"w":0.9509289264678955},"size":1.4660253524780274,"orthographic":false}