{"cameraMode":{"drawMode":0,"name":"Shaded","section":"Shading Mode"},"sceneLighting":false,"audioPlay":false,"sceneViewState":{"showFog":false,"showMaterialUpdate":false,"showSkybox":false,"showFlares":false,"showImageEffects":false,"showParticleSystems":false},"in2DMode":false,"pivot":{"x":0.07219815254211426,"y":0.5850201845169067,"z":0.3314043879508972},"rotation":{"x":-0.10588037222623825,"y":-0.7182862162590027,"z":0.11209320276975632,"w":-0.6784611940383911},"size":1.9216084480285645,"orthographic":false}