{"cameraMode":{"drawMode":0,"name":"Shaded","section":"Shading Mode"},"sceneLighting":true,"audioPlay":false,"sceneViewState":{"showFog":false,"showMaterialUpdate":false,"showSkybox":false,"showFlares":false,"showImageEffects":false,"showParticleSystems":false},"in2DMode":false,"pivot":{"x":8.16666316986084,"y":3.1392157077789308,"z":-0.7440199851989746},"rotation":{"x":0.05243828892707825,"y":-0.6188169121742249,"z":0.04146045073866844,"w":0.7826898694038391},"size":0.35320135951042178,"orthographic":false}