{"cameraMode":{"drawMode":0,"name":"Shaded","section":"Shading Mode"},"sceneLighting":true,"audioPlay":false,"sceneViewState":{"showFog":false,"showMaterialUpdate":false,"showSkybox":false,"showFlares":false,"showImageEffects":false,"showParticleSystems":false},"in2DMode":false,"pivot":{"x":0.14400267601013184,"y":-0.8268308639526367,"z":1.3176366090774537},"rotation":{"x":0.4898572862148285,"y":-0.1041259914636612,"z":0.05906711518764496,"w":0.8635461926460266},"size":2.4280378818511965,"orthographic":false}