{"cameraMode":{"drawMode":0,"name":"Shaded","section":"Shading Mode"},"sceneLighting":false,"audioPlay":false,"sceneViewState":{"showFog":false,"showMaterialUpdate":false,"showSkybox":false,"showFlares":false,"showImageEffects":false,"showParticleSystems":false},"in2DMode":false,"pivot":{"x":0.40799999237060549,"y":0.84170001745224,"z":0.781499981880188},"rotation":{"x":0.1449691653251648,"y":-0.015729302540421487,"z":0.0023053905460983516,"w":0.9893115758895874},"size":0.39821574091911318,"orthographic":true}