{"cameraMode":{"drawMode":0,"name":"Shaded","section":"Shading Mode"},"sceneLighting":true,"audioPlay":false,"sceneViewState":{"showFog":false,"showMaterialUpdate":false,"showSkybox":false,"showFlares":false,"showImageEffects":false,"showParticleSystems":false},"in2DMode":false,"pivot":{"x":-2.4419572353363039,"y":2.5454037189483644,"z":-1.7056312561035157},"rotation":{"x":0.16866403818130494,"y":0.5243069529533386,"z":-0.1068282425403595,"w":0.8277930617332459},"size":3.534304141998291,"orthographic":true}