{"cameraMode":{"drawMode":0,"name":"Shaded","section":"Shading Mode"},"sceneLighting":false,"audioPlay":false,"sceneViewState":{"showFog":false,"showMaterialUpdate":false,"showSkybox":false,"showFlares":false,"showImageEffects":false,"showParticleSystems":false},"in2DMode":false,"pivot":{"x":-0.009991872124373913,"y":0.27711212635040285,"z":0.02039865404367447},"rotation":{"x":-0.263412207365036,"y":0.6864514946937561,"z":-0.2967223823070526,"w":-0.609390139579773},"size":0.2634429335594177,"orthographic":true}