{"cameraMode":{"drawMode":0,"name":"Shaded","section":"Shading Mode"},"sceneLighting":false,"audioPlay":false,"sceneViewState":{"showFog":false,"showMaterialUpdate":false,"showSkybox":false,"showFlares":false,"showImageEffects":false,"showParticleSystems":false},"in2DMode":false,"pivot":{"x":-0.03122532367706299,"y":0.31161534786224368,"z":0.018398664891719819},"rotation":{"x":0.09801540523767472,"y":-0.33775925636291506,"z":0.03538977727293968,"w":0.9354468584060669},"size":0.4059024751186371,"orthographic":true}