{"cameraMode":{"drawMode":0,"name":"Shaded","section":"Shading Mode"},"sceneLighting":true,"audioPlay":false,"sceneViewState":{"showFog":false,"showMaterialUpdate":false,"showSkybox":false,"showFlares":false,"showImageEffects":false,"showParticleSystems":false},"in2DMode":false,"pivot":{"x":-1.4432470798492432,"y":1.2315189838409424,"z":0.05128335952758789},"rotation":{"x":-0.46326112747192385,"y":0.020465519279241563,"z":-0.010702191852033139,"w":-0.8859239220619202},"size":7.90722131729126,"orthographic":false}