{"cameraMode":{"drawMode":0,"name":"Shaded","section":"Shading Mode"},"sceneLighting":false,"audioPlay":false,"sceneViewState":{"showFog":false,"showMaterialUpdate":false,"showSkybox":false,"showFlares":false,"showImageEffects":false,"showParticleSystems":false},"in2DMode":false,"pivot":{"x":0.0,"y":0.8056724667549133,"z":1.580519199371338},"rotation":{"x":0.037707503885030749,"y":-0.8093398213386536,"z":0.05227482318878174,"w":0.5838016867637634},"size":0.8396750688552856,"orthographic":true}