{"cameraMode":{"drawMode":0,"name":"Shaded","section":"Shading Mode"},"sceneLighting":false,"audioPlay":false,"sceneViewState":{"showFog":false,"showMaterialUpdate":false,"showSkybox":false,"showFlares":false,"showImageEffects":false,"showParticleSystems":false},"in2DMode":false,"pivot":{"x":0.21923828125,"y":1.0732421875,"z":0.78326416015625},"rotation":{"x":0.19268207252025605,"y":-0.10369809716939926,"z":0.02047715149819851,"w":0.9755553603172302},"size":0.5917864441871643,"orthographic":true}